Last,First,YOB,YOD,Family,Relation,Province,Party,First Elected,Last Elected,Terms,Chamber,Note
Abbott,Douglas Charles,1899,1987,Abbott,Father,Quebec,Liberal,1940,1953,4,Commons,
Abbott,Anthony Chisholm,1930,,Abbott,Son,Quebec,Liberal,1974,1974,1,Commons,
Aikins,James Cox,1823,1904,Aikins,Father,Ontario,Liberal-Conservative,1867,1904,2,Senate,
Aikins,James Albert Manning,1851,1929,Aikins,Son,Manitoba,Conservative,1911,1911,1,Commons,
Allan,George William,1822,1901,Allan,Father,Ontario,Conservative,1867,1901,1,Senate,
Allan,George William,1860,1940,Allan,Son,Manitoba,Unionist,1917,1917,1,Commons,
Applewhaite,Edward Turney,1898,1964,Applewhaite,Great Grandfather,British Columbia,Liberal,1949,1953,2,Commons,
Grey,Deborah C.,1952,,Applewhaite,Great Granddaughter,Alberta,Reform,1989,2000,4,Commons,Party Change
Baker,George Bernard,1834,1910,Baker,Father,Quebec,Liberal-Conservative,1870,1891,5,Commons,Senate Term not included
Baker,George Harold,1877,1916,Baker,Son,Quebec,Conservative,1911,1911,1,Commons,
Barnard,Francis Jones,1829,1889,Barnard,Father,British Columbia,Conservative,1879,1882,2,Commons,
Barnard,Frank Stillman,1856,1936,Barnard,Son,British Columbia,Conservative,1888,1891,2,Commons,
Barnard,George Henry,1868,1954,Barnard,Son,British Columbia,Conservative,1908,1911,2,Commons,Senate Term not included
Beaubien,Charles-Philippe,1870,1949,Beaubien,Father,Quebec,Conservative,1915,1949,1,Senate,
Beaubien,Louis-Philippe,1903,1985,Beaubien,Son,Quebec,Progressive Conservative,1960,1985,1,Senate,
Beaubien,Louis,1837,1915,Beaubien,Grandfather,Quebec,Conservative,1872,1872,1,Commons,
Bell,Thomas,1863,1945,Bell,Grandfather,New Brunswick,Conservative,1925,1930,3,Commons,
Bell,Thomas Miller,1923,1996,Bell,Grandson,New Brunswick,Progressive Conservative,1953,1972,8,Commons,
Belleau,Isidore Noel,1848,1936,Belleau,Grandfather,Quebec,Conservative,1883,1883,1,Commons,
Fortin,Louis,1920,2005,Belleau,Grandson,Quebec,Progressive Conservative,1958,1958,1,Commons,
Bernier,Gilles,1934,,Bernier,Father,Quebec,Progressive Conservative,1984,1993,3,Commons,Party Change
Bernier,Maxime,1963,,Bernier,Son,Quebec,Conservative,2006,2015,4,Commons,
Bissett,Edgar Douglas Richmond,1890,1990,Bissett,Father,Manitoba,Liberal Progessive,1926,1926,1,Commons,
Neiman,Joan Bissett,1920,,Bissett,Daughter,Ontario,Liberal,1972,1995,1,Senate,
Blaikie,William Alexander,1951,,Blaikie,Father,Manitoba,NDP,1979,2006,9,Commons,
Blaikie,Daniel,1984,,Blaikie,Son,Manitoba,NDP,2015,2015,1,Commons,
Blair,Andrew George,1844,1907,Blair,Great Grandfather,New Brunswick,Liberal,1896,1900,2,Commons,
Brewin,Francis Andrew,1907,1983,Blair,Grandson,Ontario,NDP,1962,1974,6,Commons,
Brewin,John F.,1936,,Blair,Great Grandson,British Columbia,NDP,1988,1988,1,Commons,
Bodwell,Ebenezer Vining,1827,1889,Bodwell,Great Grandfather,Ontario,Liberal,1867,1874,3,Commons,
Turner,Garth,1949,,Bodwell,Great Grandson,Ontario,Conservative,1988,2006,2,Commons,Party Change
Boivin,Georges Henri,1882,1926,Boivin,Father,Quebec,Liberal,1911,1925,4,Commons,
Boivin,Marcel,1912,1974,Boivin,Son,Quebec,Liberal,1945,1958,5,Commons,
Bosse,Joseph-Noel,1807,1881,Bosse,Father,Quebec,Conservative,1867,1868,1,Senate,
Bosse,Joseph Guilaume,1843,1908,Bosse,Son,Quebec,Conservative,1882,1882,1,Commons,
Burton,Joseph William,1892,1960,Burton,Father,Saskatchewan,CCF,1943,1945,2,Commons,
Burton,John Stratford,1927,,Burton,Son,Saskatchewan,NDP,1968,1968,1,Commons,
Cameron,Malcolm,1808,1876,Cameron,Father,Ontario,Liberal,1874,1874,1,Commons,
Cameron,Malcolm Colin,1832,1898,Cameron,Son,Ontario,Liberal,1867,1896,8,Commons,
Cannon,Lucien,1887,1950,Cannon,Grandfather,Quebec,Liberal,1917,1935,6,Commons,
Cannon ,Lawrence,1947,,Cannon,Grandson,Quebec,Conservative,2006,2008,2,Commons,
Caouette,David Real,1917,1976,Caouette,Father,Quebec,Social Credit,1946,1974,7,Commons,Party Change
Caouette,Gilles,1940,2009,Caouette,Son,Quebec,Social Credit,1972,1977,2,Commons,
Caron,Alexis Pierre,1899,1966,Caron,Father,Quebec,Liberal,1953,1965,6,Commons,
Caron ,Pierre,1936,,Caron,Son,Quebec,Liberal,1967,1967,1,Commons,
Carrick,John James,1873,1966,Carrick,Father,Ontario,Conservative,1911,1911,1,Commons,
Carrick,Donald D.,1906,1997,Carrick,Son,Ontario,Libaral,1954,1954,1,Commons,
Carroll,William F.,1877,1964,Carroll,Grandfather,Nova Scotia,Libaral,1911,1949,3,Commons,
Murphy,John,1937,,Carroll,Grandson,Nova Scotia,Libaral,1993,1993,1,Commons,
Casgrain,Charles Eusebe,1825,1907,Casgrain1,Father,Ontario,Conservative,1887,1907,1,Senate,
Casgrain,Thomas Chase,1852,1916,Casgrain1,Son,Quebec,Conservative,1896,1914,3,Commons,
Casgrain,Philippe Baby,1826,1917,Casgrain2,Father,Quebec,Liberal,1872,1887,5,Commons,Same Casgrains?
Casgrain,Josephy Philippe Baby,1856,1939,Casgrain2,Son,Quebec,Liberal,1900,1939,1,Senate,
Chapais,Jean-Charles,1811,1885,Chapais,Father,Quebec,Conservative,1868,1885,1,Senate,
Chapais,Josephy Amable Thomas,1858,1946,Chapais,Son,Quebec,Conservative,1919,1946,1,Senate,
Chaplin,James Dew,1863,1937,Chaplin,Grandfather,Ontario,Conservative,1917,1930,5,Commons,Party Change
Chaplin,Gordon,1907,1964,Chaplin,Son,Ontario,Progressive Conservative,1962,1963,2,Commons,
Anderson,Edna,1922,,Chaplin,Granddaughter,Ontario,Progressive Conservative,1988,1988,1,Commons,
Chipman,William Henry,1807,1870,Chipman,Father,Nova Scotia,Anti-Confederate,1867,1867,1,Commons,
Chipman,Leverett de Veber,1831,1914,Chipman,Son,Nova Scotia,Liberal,1870,1872,2,Commons,
Choquette,Philippe Auguste,1854,1948,Choquette,Grandfather,Quebec,Liberal,1887,1896,3,Commons,Senate Term not included
Choquette,Auguste,1932,,Choquette,Grandson,Quebec,Liberal,1963,1965,2,Commons,
Christie,Thomas,1824,1902,Christie,Father,Quebec,Liberal,1875,1900,5,Commons,
Christie,Thomas,1855,1934,Christie,Son,Quebec,Liberal,1902,1902,1,Commons,
Cimon,Simon Xavier,1829,1887,Cimon,Father,Quebec,Conservative,1867,1887,4,Commons,
Cimon,Simon,1852,1903,Cimon,Son,Quebec,Conservative,1887,1887,1,Commons,
Comeau,Joseph Willie,1876,1966,Comeau,Grandfather,Nova Scotia,Liberal,1948,1966,1,Senate,
Thibault,Robert,1959,,Comeau,Grandson,Nova Scotia,Liberal,2000,2006,3,Commons,
Connell,Charles,1810,1873,Connell,Father,New Brunswick,Liberal,1867,1872,2,Commons,
Connell,George Beber,1836,1881,Connell,Son,New Brunswick,Independent,1878,1878,1,Commons,
Connolly,Harold Joseph,1901,1980,Connolly,Father,Nova Scotia,Liberal,1955,1979,1,Senate,
Carstairs,Sharon,1942,,Connolly,Daughter,Manitoba,Liberal,1994,2011,1,Senate,
Crawford,George,1793,1870,Crawford,Father,Ontario,Conservative,1867,1870,1,Senate,
Crawford,John Willoughby,1817,1875,Crawford,Son,Ontario,Conservative,1867,1872,2,Commons,
Daly,Thomas Mayne,1827,1885,Daly,Father,Ontario,Liberal-Conservative,1872,1872,1,Commons,
Daly,Thomas Mayne,1852,1911,Daly,Son,Manitoba,Liberal-Conservative,1887,1892,3,Commons,
David,Laurent-Olivier,1840,1926,David,Grandfather,Quebec,Liberal,1903,1926,1,Senate,
David,Louis-Athanase,1882,1953,David,Son,Quebec,Liberal,1940,1953,1,Senate,
David,Paul,1919,1999,David ,Grandson,Quebec,Progressive Conservative,1985,1994,1,Senate,
Deachman,Robert John,1878,1955,Deachman,Father,Onatario,Liberal,1935,1935,1,Commons,
Deachman,Grant,1913,1983,Deachman,Son,British Columbia,Liberal,1963,1968,3,Commons,
Dechene,Alphonse Arthur Miville,1848,1902,Dechene,Father,Quebec,Liberal,1896,1900,2,Commons,Senate Term not included
Dechene,Joseph Bruno Aime Mivilee,1881,1945,Dechene,Son,Quebec,Liberal,1917,1921,2,Commons,Party Change
Desaulniers,Alexis Lesieur,1837,1918,Desaulniers,Father,Quebec,Conservative,1884,1884,1,Commons,
Desaulniers,Arthur Lesieur,1873,1954,Desaulniers,Son,Quebec,Liberal,1917,1926,4,Commons,Party Change
Dewar,Marion,1928,2008,Dewar,Father,Ontario,NDP,1987,1987,1,Commons,
Dewar,Paul,1963,,Dewar,Son,Ontario,NDP,2006,2011,3,Commons,
Dickey,Robert Barry,1812,1903,Dickey,Grandfather,Nova Scotia,Conservative,1867,1903,1,Senate,
Dickey,Arthur Rupert,1854,1900,Dickey,Son,Nova Scotia,Conservative,1888,1895,5,Commons,
Dickey,John Horace,1914,1996,Dickey,Grandson,Nova Scotia,Liberal,1947,1953,3,Commons,
Dickinson,Moss Kent,1822,1897,Dickinson,Father,Ontario,Conservative,1882,1882,1,Commons,
Dickinson,George Lemuel,1848,1930,Dickinson,Son,Ontario,Conservative,1888,1888,1,Commons,
Drope,Robert Earle,1898,1969,Drope,Father,Ontario,Progressive Conservative,1945,1945,1,Commons,
Browes,Pauline,1938,,Drope,Daughter,Ontario,Progressive Conservative,1984,1988,2,Commons,
Duchesnay,Henri Elzear Juchereau,1809,1871,Duchesnay,Father,Quebec,Conservative,1867,1871,1,Senate,
Duchesnay,Henri Jules Juchereau,1845,1887,Duchesnay,Son,Quebec,Nationalist,1887,1887,1,Commons,
Dugas,Firmin,1830,1889,Dugas,Father,Quebec,Conservative,1871,1882,5,Commons,
Dugas,Joseph Louis Euclide,1861,1943,Dugas,Son,Quebec,Conservative,1891,1896,3,Commons,
Dupuis,Hector,1896,1967,Dupuis,Father,Quebec,Liberal,1950,1957,3,Commons,
Dupuis,Yvon,1926,,Dupuis,Son,Quebec,Liberal,1958,1963,3,Commons,
Emmerson,Henry Robert,1853,1914,Emmerson,Father,New Brunswick,Liberal,1900,1911,5,Commons,
Emmerson,Henry Read,1883,1954,Emmerson,Son,New Brunswick,Liberal,1935,1945,3,Commons,Senate Term not included
Fiset,Jean-Baptiste Romuald,1843,1917,Fiset,Father,Quebec,Liberal,1872,1896,5,Commons,Senate Term not included
Fiset,Eugene,1874,1951,Fiset,Son,Quebec,Liberal,1924,1935,5,Commons,
Fitzpatrick,Charles,1851,1942,Fitzpatrick,Grandfather,Quebec,Liberal,1896,1904,4,Commons,
Cannon,Charles-Arthur Dumoulin,1905,1976,Fitzpatrick,Grandson,Quebec,Liberal,1949,1957,3,Commons,
Flemming,James Kidd,1868,1927,Flemming,Father,New Brunswick,Conservative,1925,1926,2,Commons,
Flemming,Hugh John,1899,1982,Flemming,Son,New Brunswick,Progressive Conservative,1960,1968,5,Commons,
Forbes,James Fraser,1820,1887,Forbes,Father,Nova Scotia,Liberal,1867,1882,4,Commons,Party Change
Forbes,Francis Gordon,1857,1941,Forbes,Son,Nova Scotia,Liberal,1891,1896,3,Commons,
Forget,Josephy David Rodolphe,1861,1919,Forget,Father,Quebec,Conservative,1904,1911,4,Commons,
Casgrain,Therese Forget,1896,1981,Forget,Daughter,Quebec,Independent,1970,1971,1,Senate,
Fortin,Emile,1878,1936,Fortin,Father,Quebec,Conservative,1930,1930,1,Commons,Senate Term not included
Fortin,Louis,1920,2005,Fortin,Son,Quebec,Progressive Conservative,1958,1958,1,Commons,
Fulford,George Taylor,1852,1905,Fulford,Father,Ontario,Liberal,1900,1905,1,Senate,
Fulford,George Taylor,1902,1987,Fulford,Son,Ontario,Liberal,1940,1949,2,Commons,
Fulton,Frederick John,1862,1936,Fulton,Father,British Columbia,Unionist,1917,1917,1,Commons,
Fulton,Edmund Davie,1916,2000,Fulton,Son,British Columbia,Progressive Conservative,1945,1965,7,Commons,
Gaudet,Joseph,1818,1882,Gaudet,Father,Quebec,Conservative,1867,1874,3,Commons,
Gaudet,Athanase,1848,1888,Gaudet,Son,Quebec,Nationalist Conservative,1884,1887,2,Commons,
Gauthier,Louis-Philippe,1876,1946,Gauthier,Grandfather,Quebec,Conservative,1911,1911,1,Commons,
Gauthier,Jean-Robert,1929,2009,Gauthier,Grandson,Ontario,Liberal,1972,1993,7,Commons,Senate Term not included
Gibson,Colin William George,1891,1974,Gibson,Father,Ontario,Liberal,1940,1949,3,Commons,
Gibson,Colin David,1922,2002,Gibson,Son,Ontario,Liberal,1968,1968,1,Commons,
Gillmor,Arthur Hill,1824,1903,Gillmor,Father,New Brunswick,Liberal,1874,1891,5,Commons,Senate Term not included
Gillmor,Daniel,1849,1918,Gillmor,Son,New Brunswick,Liberal,1907,1918,1,Senate,
Godfrey,John Morrow,1912,2001,Godfrey,Father,Ontario,Liberal,1973,1987,1,Senate,
Godfrey,John Ferguson,1942,,Godfrey,Son,Ontario,Liberal,1993,2006,5,Commons,
Goode,Tom,1902,1983,Goode,Father,British Columbia,Liberal,1949,1953,2,Commons,
Goode,Thomas Henry,1933,1994,Goode,Son,British Columbia,Liberal,1968,1968,1,Commons,
Gouin,Lomer,1861,1929,Gouin,Father,Quebec,Liberal,1921,1922,2,Commons,
Gouin,Leon Mercier,1891,1983,Gouin,Son,Quebec,Liberal,1940,1976,1,Senate,
Guthrie,Donald ,1840,1915,Guthrie,Father,Ontario,Liberal,1876,1878,2,Commons,
Guthrie,Hugh  ,1866,1939,Guthrie,Son,Ontario,Conservative,1900,1930,10,Commons,Party Change
Haig,John Thomas,1877,1962,Haig,Father,Manitoba,Conservative,1935,1935,1,Commons,
Haig,James Campbell,1909,1980,Haig,Son,Manitoba,Progressive Conservative,1962,1977,1,Senate,
Harrison,John Hornby,1908,1964,Harrison,Grandfather,Saskatchewan,Liberal,1949,1957,3,Commons,
Regan,Geoff,1959,,Harrison,Grandson,Nova Scotia,Liberal,1993,2015,7,Commons,
Hatfield,Heber Harold,1885,1952,Hatfield,Father,New Brunswick,Progressive Conservative,1940,1949,3,Commons ,Party Change
Hatfield,Richard Bennett,1931,1991,Hatfield,Son,New Brunswick,Progressive Conservative,1990,1991,1,Senate,
Hays,Harry William,1909,1982,Hays,Father,Alberta,Liberal,1963,1963,1,Commons,Senate Term not included
Hays,Daniel,1939,,Hays,Son,Alberta,Liberal,1984,2007,1,Senate,
Hazen,John Douglas,1860,1937,Hazen,Father,New Brunswick,Conservative,1891,1911,2,Commons,
Hazen,Douglas King,1885,1974,Hazen,Son,New Brunswick,Progressive Conservative,1940,1945,2,Commons,Party Change
Hnatyshyn,John,1907,1967,Hnatyshyn,Father,Saskatchewan,Progressive Conservative,1959,1967,1,Senate,
Hnatyshyn,Ramon John,1934,2002,Hnatyshyn,Son,Saskatchewan,Progressive Conservative,1974,1984,4,Commons,
Holton,Luther Hamilton,1817,1880,Holton,Father,Quebec,Liberal,1867,1878,4,Commons,
Holton,Edward  ,1844,1907,Holton,Son,Quebec,Liberal,1880,1887,3,Commons,
Horner,Ralph Byron,1884,1964,Horner,Father,Saskatchewan,Conservative,1933,1964,1,Senate,
Horner,Hugh Macarthur,1925,1997,Horner,Son,Alberta,Progressive Conservative,1958,1965,4,Commons,
Horner,John Henry,1927,2004,Horner,Son,Alberta,Progressive Conservative,1958,1974,7,Commons,
Horner,Norval Alic,1930,2014,Horner,Son,Saskatchewan,Progressive Conservative,1972,1972,1,Commons,
Hughes,James Joseph,1856,1941,Hughes,Grandfather,PEI,Liberal,1900,1921,4,Commons,Senate Term not included
Rossiter,Eileen,1929,2007,Hughes,Granddaughter,PEI,Progressive Conservative,1986,2004,1,Senate,
Jackman,Harry Rutherford,1900,1979,Jackman,Father,Ontario,Progressive Conservative,1940,1945,2,Commons,Party Change
Ruth,Nancy,1942,,Jackman,Daughter,Ontario,Progressive Conservative,2005,2005,1,Senate,
Jordan,Jim,1928,2012,Jordan,Father,Ontario,Liberal,1988,1993,2,Commons,
Jordan,Joe Louis,1958,,Jordan,Son,Ontario,Liberal,1997,2000,2,Commons,
Kenny,Edward,1800,1891,Kenny,Father,Nova Scotia,Conservative,1867,1876,1,Senate,
Kenny,Thomas Edward,1833,1908,Kenny,Son,Nova Scotia,Conservative,1887,1892,3,Commons,
Killam,Thomas,1802,1868,Killam,Father,Nova Scotia,Anti-Confederate,1867,1867,1,Commons,
Killam,Frank  ,1843,1911,Killam,Son,Nova Scotia,Liberal,1869,1878,4,Commons,
King,George Gerald,1836,1928,King,Father,New Brunswick,Liberal,1878,1896,4,Commons,
King,James Horace,1873,1955,King,Son,British Columbia,Liberal,1922,1926,4,Commons,Senate Term not included
Kirkpatrick,Thomas,1805,1870,Kirkpatrick,Father,Ontario,Conservative,1867,1867,1,Commons,
Kirkpatrick,George Airey,1841,1899,Kirkpatrick,Son,Ontario,Conservative,1870,1891,7,Commons,
Lachance,Georges-C.,1926,,Lachance,Father,Quebec,Liberal,1962,1972,5,Commons,
Lachance,Claude-Andre,1954,,Lachance,Son,Quebec,Liberal,1974,1980,3,Commons,
Lacoste,Louis,1798,1878,Lacoste,Father,Quebec,Conservative,1867,1878,1,Senate,
Lacoste,Alexandre,1842,1923,Lacoste,Son,Quebec,Conservative,1884,1891,1,Senate,
Lapointe,Arthur-Joseph,1895,1960,Lapointe,Father,Quebec,Liberal,1935,1940,2,Commons,
Lapointe,Jean,1935,,Lapointe,Son,Quebec,Liberal,2001,2010,1,Senate,
Lapointe,Ernest,1876,1941,Lapointe,Father,Quebec,Liberal,1904,1940,14,Commons,Party Change
Lapointe,Hugues,1911,1982,Lapointe,Son,Quebec,Liberal,1940,1953,4,Commons,
LaRue,Joseph-Ernest-Henri,1892,1973,LaRue,Father,Quebec,Conservative,1930,1930,1,Commons,
LaRue,Perrault,1925,1987,LaRue,Son,Quebec,Progressive Conservative,1958,1958,1,Commons,
Lavergne,Joseph,1847,1922,Lavergne,Brother,Quebec,Liberal,1887,1896,3,Commons,
La Vergne,Armand Renaud,1880,1935,Lavergne,Son,Quebec,Liberal,1904,1930,3,Commons,Party Change
Layton,Robert E.J.,1925,2002,Layton,Father,Quebec,Progressive Conservative,1984,1988,2,Commons,
Layton,Jack,1950,2011,Layton,Son,Ontario,NDP,2004,2011,4,Commons,
Le Vesconte,Isaac,1822,1879,Le Vesconte,Grandfather,Nova Scotia,Conservative,1869,1872,2,Commons,
MacDougall,Isaac Duncan,1897,1969,Le Vesconte,Grandson,Nova Scotia,Conservative,1925,1930,3,Commons,
LeBlanc,Romeo,1927,2009,LeBlanc,Father,New Brunswick,Liberal,1972,1980,4,Commons,Senate Term not included
LeBlanc,Dominic,1967,,LeBlanc,Son,New Brunswick,Liberal,2000,2015,6,Commons,
Lesage,Charles Alexander,1843,1893,Lesage,Father,Quebec,Conservative,1882,1882,1,Commons,
Lesage,Joseph Edmond,1871,1941,Lesage,Son,Quebec,Laurier Liberals,1917,1917,1,Commons,
Lovell,Henry,1828,1907,Lovell,Father,Quebec,Liberal,1900,1904,2,Commons,
Lovell,Charles Henry,1854,1916,Lovell,Son,Quebec,Liberal,1908,1911,3,Commons,
Lynch-Staunton,George,1858,1940,Lynch-Staunton,Grandfather,Ontario,Conservative,1917,1940,1,Senate,
Lynch-Staunton,John,1930,2012,Lynch-Staunton,Grandson,Quebec,Progressive Conservative,1990,2005,1,Senate,
MacDonald,Finlay,1866,1948,MacDonald1,Father,Nova Scotia,Conservative,1925,1930,3,Commons,
MacDonald,Finlay,1923,2002,MacDonald1,Son,Nova Scotia,Progressive Conservative,1984,1998,1,Senate,
MacDonald,John Alexander,1815,1891,MacDonald2,Father,Ontario,Liberal-Conservative,1867,1891,11,Commons,
MacDonald,Hugh John,1850,1929,MacDonald2,Son,Manitoba,Conservative,1891,1896,2,Commons,Party Change
Macdonald,John Alexander,1874,1948,MacDonald3,Father,PEI,Conservative,1925,1930,3,Commons,Senate Term not included
Macdonald,John Augustine,1913,1961,MacDonald3,Son,PEI,Progressive Conservative,1957,1958,2,Commons,
MacKay,Elmer MacIntosh,1936,,MacKay1,Father,Nova Scotia,Progressive Conservative,1971,1988,7,Commons,
MacKay,Peter Gordon,1965,,MacKay1,Son,Nova Scotia,Conservative,1997,2011,6,Commons,Party Change
MacKay,Robert,1840,1916,MacKay2,Father,Quebec,Liberal,1901,1916,1,Senate,
Wilson,Cairine Reay,1885,1962,MacKay2,Daughter,Quebec,Liberal,1930,1962,1,Senate,
Mackie,Thomas,1840,1905,Mackie,Father,Ontario,Liberal,1896,1900,2,Commons,
Mackie,Herbert John,1876,1947,Mackie,Son,Ontario,Unionist,1917,1917,1,Commons,
Maloney,Martin James,1877,1953,Maloney,Father,Onatario,Conservative,1925,1930,3,Commons,
Maloney,Arthur Edward Martin,1919,1984,Maloney,Son,Ontario,Progressive Conservative,1957,1958,2,Commons,
Malouin,Jacques,1826,1901,Malouin,Father,Quebec,Independent,1877,1878,2,Commons,
Malouin,Arthur Cyrille Albert,1857,1936,Malouin,Son,Quebec,Liberal,1898,1904,3,Commons,
Manning,Ernest Charles,1908,1996,Manning,Father,Alberta,Social Credit,1970,1983,1,Senate,
Manning,Ernest Preston,1942,,Manning,Son,Alberta,Reform,1993,2000,3,Commons,
Martin,Paul Joseph James,1903,1992,Martin1,Father,Ontario,Liberal,1935,1965,10,Commons,Senate Term not included
Martin,Paul Edgar Philippe,1938,,Martin1,Son,Quebec,Liberal,1988,2006,6,Commons,
McCool,Charles Arthur,1853,1926,McCool,Grandfather,Ontario,Liberal,1900,1904,2,Commons,
McGee,Frank Charles,1926,1999,McCool,Grandson,Ontario,Progressive Conservative,1957,1962,3,Commons,
McInnes,Thomas Robert,1840,1904,McInnes,Father,British Columbia,Independent,1878,1878,2,Commons,Senate Term not included
McInnes,William Wallace Burns,1871,1954,McInnes,Son,British Columbia,Liberal,1896,1896,1,Commons,
McLean,Murdo Young,1848,1916,McLean1,Grandfather,Ontario,Liberal,1908,1908,2,Commons,
McLean,Andrew Young,1909,1988,McLean1,Grandson,Ontario,Liberal,1949,1949,1,Commons,
McMillan,Donald,1807,1876,McMillan1,Father,Quebec,Conservative,1867,1867,1,Commons,
McMillan,Hugh,1839,1895,McMillan1,Son,Quebec,Conservative,1882,1892,3,Commons,
McMillan,John,1824,1901,McMillan2,Father,Ontario,Liberal,1882,1896,4,Commons,
McMillan,Thomas,1864,1932,McMillan2,Son,Ontario,Liberal,1925,1930,3,Commons,
Meighen ,Arthur,1874,1960,Meighen,Grandfather,Manitoba,Conservative,1908,1925,6,Commons,Senate Term not included
Meighen ,Michael A.,1939,,Meighen,Grandson,Ontario,Progressive Conservative,1990,2012,1,Senate,
Mercier,Honore,1840,1894,Mercier,Great Great Grandfather,Quebec,Liberal,1872,1872,1,Commons,
Gouin,Leon Mercier,1891,1983,Mercier,Grandson,Quebec,Liberal,1940,1976,1,Senate,Repeat Observation
Fauteux,Gaspard,1898,1963,Mercier,Grandson,Quebec,Liberal,1942,1949,3,Commons,
Mulcair,Thomas J.,1954,,Mercier,Great Great Grandson,Quebec,NDP,2007,2015,4,Commons,
Michener,Edward,1869,1947,Michener,Father,Alberta,Conservative,1918,1947,1,Senate,
Michener,Daniel Roland,1900,1991,Michener,Son,Ontario,Progressive Conservative,1953,1958,3,Commons,
Mitchell,William,1851,1926,Mitchell,Father,Quebec,Liberal,1904,1926,1,Senate,
Mitchell,Walter George,1877,1935,Mitchell,Son,Quebec,Liberal,1921,1921,1,Commons,
Moffat,George,1810,1878,Moffat,Father,New Brunswick,Conservative,1870,1874,3,Commons,
Moffat,George,1842,1918,Moffat,Son,New Brunswick,Conservative,1887,1887,1,Commons,
Moffat,Robert,1844,1887,Moffat,Son,New Brunswick,Conservative,1882,1887,2,Commons,
Molson,Hartland de Montaville,1907,2002,Molson,Stepfather,Quebec,Independent,1955,1993,1,Senate,
Meighen ,Michael A.,1939,,Molson,Stepson,Ontario,Progressive Conservative,1990,2012,1,Senate,Repeat Observation
Monteith,Andrew,1823,1896,Monteith,Grandfather,Ontario,Conservative,1874,1875,2,Commons,
Monteith,Jay Waldo,1903,1981,Monteith,Grandson,Ontario,Progressive Conservative,1953,1968,7,Commons,
Morrissy,John Veriker,1854,1924,Morrissy,Father,New Brunswick,Liberal,1921,1921,1,Commons,
Morrissy,Charles Joseph,1881,1932,Morrissy,Son,New Brunswick,Liberal,1926,1926,1,Commons,
Mulock,William,1843,1944,Mulock,Grandfather,Ontario,Liberal,1882,1904,7,Commons,
Mulock,William Pate,1897,1954,Mulock,Grandson,Ontario,Liberal,1934,1940,3,Commons,
Nowlan,George Clyde,1898,1965,Nowlan,Father,Nova Scotia,Progressive Conservative,1948,1963,7,Commons,
Nowlan,John Patrick,1931,,Nowlan,Son,Nova Scotia,Progressive Conservative,1965,1988,8,Commons,
Osler,Edmund Boyd,1845,1924,Osler,Grandfather,Ontario,Conservative,1896,1911,5,Commons,
Osler,Edmund Boyd,1919,1987,Osler,Grandson,Manitoba,Liberal,1968,1968,1,Commons,
Penny,Edward Goff,1820,1881,Penny,Father,Quebec,Liberal,1874,1881,1,Senate,
Penny ,Edward Goff,1858,1935,Penny,Son,Quebec,Liberal,1896,1896,1,Commons,
Perley,William Dell,1838,1909,Perley1,Father,Northwest Territories,Conservative,1887,1887,1,Commons,Senate Term not included
Perley,Ernest Edward,1877,1948,Perley1,Son,Saskatchewan,Conservative,1930,1940,3,Commons,Party Change
Perley,William Goodhue,1820,1890,Perley2,Father,Ontario,Conservative,1887,1887,1,Commons,
Perley,George Halsey,1857,1938,Perley2,Son,Quebec,Conservative,1904,1935,7,Commons,
Perry,Ebenezer  ,1788,1876,Perry,Father,Ontario,Conservative,1871,1876,1,Senate,
Perry,Charles,1818,1876,Perry,Son,Ontario,Conservative,1867,1867,1,Commons,
Petten,Ray,1897,1961,Petten,Father,Newfoundland and Labrador,Liberal,1949,1961,1,Senate,
Petten ,William J.,1923,1999,Petten,Son,Newfoundland and Labrador,Liberal,1968,1998,1,Senate,
Pope,John Henry,1824,1889,Pope,Father,Quebec,Liberal-Conservative,1867,1887,8,Commons,
Pope,Rufus Henry,1857,1944,Pope,Son,Quebec,Conservative,1889,1900,4,Commons,Senate Term not included
Pouliot,Charles Eugene,1856,1897,Pouliot,Father,Quebec,Liberal,1896,1896,1,Commons,
Pouliot,Jean-Francois,1890,1969,Pouliot,Son,Quebec,Liberal,1924,1953,9,Commons,Senate Term not included
Pouliot,Jean-Baptiste  ,1816,1888,Pouliot,Grandfather,Quebec,Liberal,1874,1874,1,Commons,
Power,Charles Gavan,1888,1968,Power1,Son,Quebec,Liberal,1917,1953,10,Commons,Party Change
Power,Francis Gavan,1918,1973,Power1,Grandson,Quebec,Liberal,1955,1957,2,Commons,
Cannon,Lawrence,1947,,Power1,Great Grandson,Quebec,Conservative,2006,2008,2,Commons,Repeat Observation
Power,Patrick,1815,1881,Power2,Father,Nova Scotia,Independent Liberal,1867,1874,2,Commons,Party Change
Power,Lawrence Geoffrey,1841,1921,Power2,Son,Nova Scotia,Liberal,1877,1921,1,Senate,
Power,William,1849,1920,Power1,Great Grandfather,Quebec,Liberal,1902,1911,3,Commons,
Proulx,Edmond,1875,1956,Proulx,Son,Ontario,Liberal,1904,1917,4,Commons,Party Change
Proulx,Marcel,1946,,Proulx,Great Grandson,Quebec,Liberal,1999,2008,5,Commons,
Proulx,Isidore  ,1840,1904,Proulx,Great Grandfather,Ontario,Liberal,1891,1900,4,Commons,
Regan,Gerald Augustine,1929,,Regan,Father,Nova Scotia,Liberal,1963,1980,2,Commons,
Regan,Geoff,1959,,Regan,Son,Nova Scotia,Liberal,1993,2015,7,Commons,
Rideout,Margaret Isabel,1923,2010,Rideout,Mother,New Brunswick,Liberal,1964,1965,2,Commons,
Rideout,George Saunders,1945,,Rideout,Son,New Brunswick,Liberal,1988,1993,2,Commons,
Roberge,Eusebe,1874,1957,Roberge,Grandfather,Quebec,Liberal,1922,1935,5,Commons,
Roberge,Fernand,1940,,Roberge,Grandson,Quebec,Progressive Conservative,1993,2000,1,Senate,
Robertson,Thomas,1852,1902,Robertson,Father,Nova Scotia,Liberal,1878,1887,3,Commons,
Robertson,Wishart McLea,1891,1967,Robertson,Son,Nova Scotia,Liberal,1943,1965,1,Senate,
Robichaud,Jean George,1883,1969,Robichaud,Father,New Brunswick,Liberal,1922,1925,2,Commons,
Robichaud,Hedard-J.,1911,1999,Robichaud,Son,New Brunswick,Liberal,1953,1965,6,Commons,Senate Term not included
Ross,George William,1841,1914,Ross1,Father,Ontario,Liberal,1872,1882,4,Commons,Senate Term not included
Ross,Duncan Campbell,1871,1961,Ross1,Son,Ontario,Liberal,1909,1917,3,Commons,Party Change
Ross,James Hamilton,1856,1932,Ross2,Father,Yukon,Liberal,1902,1902,1,Commons,Senate Term not included
Ross,John Gordon,1891,1972,Ross2,Son,Saskatchewan,Liberal,1925,1940,4,Commons,
Ross,John Sylvester,1821,1882,Ross3,Father,Ontario,Liberal-Conservative,1867,1878,2,Commons,
Ross,Hugo Homer,1847,1913,Ross3,Son,Ontario,Conservative,1891,1891,1,Commons,
Rowe,William Earl,1894,1984,Rowe,Father,Ontario,Conservative,1925,1962,12,Commons,Party Change
Wadds,Jean Casselman,1920,2011,Rowe,Daughter,Ontario,Progressive Conservative,1958,1965,4,Commons,
Rowell,Newton Wesley,1867,1941,Rowell,Grandfather,Ontario,Unionist,1917,1917,1,Commons,
Ruth,Nancy,1942,,Rowell,Granddaughter,Ontario,Progressive Conservative,2005,2005,1,Commons,Repeat Observation
Sevigny,Albert,1881,1961,Sevigny,Father,Quebec,Conservative,1911,1917,2,Commons,
Sevigny,Joseph Pierre Albert,1917,2004,Sevigny,Son,Quebec,Progressive Conservative,1958,1962,2,Commons,
Sinclair,James,1908,1984,Sinclair1,Grandfather,British Columbia,Liberal,1940,1957,5,Commons,
Trudeau,Justin,1971,,Sinclair1,Grandson,Quebec,Liberal,2008,2015,3,Commons,
Sinclair,Peter  ,1819,1906,Sinclair2,Father,PEI,Liberal,1873,1874,2,Commons,
Sinclair,John Ewen,1879,1949,Sinclair2,Son,PEI,Liberal,1917,1926,3,Commons,Senate Term not included
Sinclair,Peter,1887,1938,Sinclair2,Son,PEI,Liberal,1935,1935,1,Commons,
Smith,Arthur Leroy,1886,1951,Smith1,Father,Alberta,Progressive Conservative,1945,1949,2,Commons,
Smith,Arthur,1919,2008,Smith1,Son,Alberta,Progressive Conservative,1957,1962,3,Commons,
Smith,Robert,1858,1942,Smith2,Father,Ontario,Liberal,1908,1908,1,Commons,
Smith,Arnold Neilson,1889,1957,Smith2,Son,Ontario,Liberal,1926,1926,1,Commons,
Snowball,Jabez Bunting,1837,1907,Snowball,Father,New Brunswick,Liberal,1878,1878,1,Commons,Senate Term not included
Snowball,William Bunting,1865,1925,Snowball,Son,New Brunswick,Liberal,1924,1924,1,Commons,
St-Laurent,Louis Stephen,1882,1973,St-Laurent,Father,Quebec,Liberal,1942,1957,5,Commons,
St-Laurent,Jean-Paul Stephen,1912,1986,St-Laurent,Son,Quebec,Liberal,1955,1957,2,Commons,
Strahl,Charles,1957,,Strahl,Father,British Columbia,Conservative Party of Canada,1993,2008,6,Commons,Party Change
Strahl,Mark,1978,,Strahl,Son,British Columbia,Conservative Party of Canada,2011,2015,2,Commons,
Sylvain,Georges,1819,1891,Sylvain,Great Grandfather,Quebec,Conservative,1867,1867,1,Commons,
Sylvain,John,1924,2011,Sylvain,Great Grandson,Quebec,Progressive Conservative,1990,1996,1,Senate,
Telford,William Pattison,1836,1922,Telford,Father,Ontario,Liberal,1904,1904,1,Commons,
Telford,William Pattison,1867,1955,Telford,Son,Ontario,Liberal,1926,1940,3,Commons,
Tessier,Ulric Joseph,1817,1892,Tessier,Father,Quebec,Liberal,1867,1873,1,Senate,
Tessier,Jules,1852,1934,Tessier,Son,Quebec,Liberal,1903,1934,1,Senate,
Thibaudeau,Isidore,1819,1893,Thibaudeau,Father,Quebec,Liberal,1874,1874,1,Commons,
Thibaudeau,Alfred A.,1860,1926,Thibaudeau,Son,Quebec,Liberal,1896,1926,1,Senate,
Thompson,David,1836,1886,Thompson,Father,Ontario,Liberal,1867,1882,5,Commons,
Thompson,Andrew Thorburn,1870,1939,Thompson,Son,Ontario,Liberal,1900,1900,1,Commons,
Tobin ,Edmund William,1865,1938,Tobin,Grandfather,Quebec,Liberal,1900,1926,8,Commons,Party Change
Asselin,Edmund Tobin,1920,1999,Tobin,Grandson,Quebec,Liberal,1962,1963,2,Commons,
Asselin,Joseph Patrick Tobin,1930,2005,Tobin,Grandson,Quebec,Liberal,1963,1965,2,Commons,
Trudeau,Pierre Elliot,1919,2000,Trudeau,Father,Quebec,Liberal,1965,1980,6,Commons,
Trudeau,Justin,1971,,Trudeau,Son,Quebec,Liberal,2008,2015,3,Commons,Repeat Observation
Tupper,Charles,1821,1915,Tupper,Great Grandfather,Nova Scotia,Conservative,1867,1896,11,Commons,
Tupper,Charles Hibbert,1855,1927,Tupper,Son,Nova Scotia,Conservative,1882,1900,6,Commons,
Merritt,Charles Cecil Ingersoll,1908,2000,Tupper,Great Grandson,British Columbia,Progressive Conservative,1945,1945,1,Commons,
Turgeon,Onesiphore,1849,1944,Turgeon,Father,New Brunswick,Liberal,1900,1921,6,Commons,Senate Term not included
Turgeon,James Gray,1879,1964,Turgeon,Son,British Columbia,Liberal,1935,1940,2,Commons,Senate Term not included
Vaillancourt,Cyrille Emile,1848,1912,Vaillancourt,Father,Quebec,Nationalist,1891,1891,1,Commons,
Vaillancourt,Cyrille  ,1892,1969,Vaillancourt,Son,Quebec,Liberal,1944,1969,1,Senate,
Veniot,Peter John,1863,1936,Veniot,Father,New Brunswick,Liberal,1926,1935,4,Commons,
Veniot,Clarence Joseph,1886,1977,Veniot,Son,New Brunswick,Liberal,1936,1940,2,Commons,Senate Term not included
Wallace,Nathaniel Clarke,1844,1901,Wallace,Father,Ontario,Conservative,1878,1900,7,Commons,
Wallace ,Thomas George,1879,1921,Wallace,Son,Ontario,Conservative,1908,1917,3,Commons,Party Change
Whelan,Eugene,1924,2013,Whelan,Father,Ontario,Liberal,1962,1980,8,Commons,Senate Term not included
Whelan,Susan,1963,,Whelan,Daughter,Ontario,Liberal,1993,2000,3,Commons,
White,Peter,1838,1906,White1,Father,Ontario,Conservative,1874,1904,7,Commons,
White,Gerald Verner,1879,1948,White1,Son,Ontario,Conservative,1906,1911,3,Commons,
White,Thomas,1830,1888,White2,Father,Ontario,Conservative,1878,1887,4,Commons,
White,Robert Smeaton,1856,1944,White2,Son,Quebec,Conservative,1888,1935,6,Commons,Province Change
Whitehead,Josephy,1814,1894,Whitehead,Great Great Grandfather,Ontario,Liberal,1867,1867,1,Commons,
Meredith,Valerie,1949,,Whitehead,Great Great Granddaughter,British Columbia,Reform,1993,2000,3,Commons,
Wilmot,Robert Duncan,1809,1891,Wilmot,Father,New Brunswick,Conservative,1867,1880,1,Senate,
Wilmot,Robert Duncan,1837,1920,Wilmot,Son,New Brunswick,Conservative,1887,1904,4,Commons,
Woodsworth,James Shaver,1874,1942,Woodsworth,Father,Manitoba,Labour,1921,1940,6,Commons,
MacInnis,Winona Grace,1905,1991,Woodsworth,Daughter,British Columbia,NDP,1965,1972,3,Commons,
Bertram,John,1837,1904,Bertram,Brother,Ontario,Liberal,1872,1874,2,Commons,
Bertram,George Hope,1847,1900,Bertram,Brother,Ontario,Liberal,1897,1897,1,Commons,
Boyer,Louis Alphonse,1839,1916,Boyer,Brother,Quebec,Liberal,1872,1874,2,Commons,
Boyer,Arthur,1851,1922,Boyer,Brother,Quebec,Liberal,1909,1922,1,Senate,
Chaplin,Alexander Dew,1872,1938,Chaplin,Son,Ontario,Conservative,1925,1925,1,Commons,
Charlton,John,1829,1910,Charlton,Brother,Ontario,Liberal,1872,1900,8,Commons,
Charlton,William Andrew,1841,1930,Charlton,Brother,Ontario,Liberal,1911,1917,2,Commons,Party Change
Crawford,James,1816,1878,Crawford,Son,Ontario,Conservative,1867,1867,1,Commons,
Demers,Louis Philippe,1863,1951,Demers,Brother,Quebec,Liberal,1900,1904,2,Commons,
Demers,Joseph,1871,1940,Demers,Brother,Quebec,Liberal,1906,1921,5,Commons,Party Change
Denis,Azellus,1907,1991,Denis,Brother,Quebec,Liberal,1935,1963,9,Commons,Senate Term not included
Denis,Joseph-Arthur,1881,1934,Denis,Brother,Quebec,Liberal,1921,1930,4,Commons,
Desmarais,Louis R.,1923,,Desmarais,Brother,Quebec,Liberal,1979,1980,2,Commons,
Desmarais,Jean Noel,1924,1995,Desmarais,Brother,Ontario,Progressive Conservative,1993,1995,1,Senate,
Devlin,Charles Ramsay,1858,1914,Devlin,Brother,Quebec,Liberal,1891,1906,3,Commons,
Devlin,Emmanuel Berchmans,1872,1921,Devlin,Brother,Quebec,Liberal,1905,1917,4,Commons,Party Change
Dorion,Charles Napoleon,1887,1978,Dorion1,Brother,Quebec,Conservative,1930,1930,1,Commons,
Dorion,Frederic ,1898,1981,Dorion1,Brother,Quebec,Independent,1942,1945,2,Commons,
Dorion,Noel,1904,1980,Dorion1,Brother,Quebec,Progressive Conservative,1958,1958,1,Commons,
Dorion,Pierre Neree,1816,1874,Dorion2,Brother,Quebec,Liberal,1872,1872,1,Commons,
Dorion,Antoine-Aime,1818,1891,Dorion2,Brother,Quebec,Liberal,1867,1874,4,Commons,
Ethier,Viateur,1915,1975,Ethier,Brother,Ontario,Liberal,1962,1968,4,Commons,
Ethier,Denis,1926,,Ethier,Brother,Ontario,Liberal,1972,1980,4,Commons,
Fansher,William Russell,1876,1957,Fansher,Brother,Saskatchewan,Progressive  ,1925,1926,2,Commons,
Fansher,Burt Wendell,1880,1941,Fansher,Brother,Ontario,Progressive,1921,1926,2,Commons,
Geoffrion,Felix,1832,1894,Geoffrion,Brother,Quebec,Liberal,1867,1891,8,Commons,
Geoffrion,Christophe Alphonse,1843,1899,Geoffrion,Brother,Quebec,Liberal,1895,1896,2,Commons,
Geoffrion,Victor,1851,1923,Geoffrion,Brother,Quebec,Liberal,1900,1908,4,Commons,
Gibbs,Thomas Nicholson,1821,1883,Gibbs,Brother,Ontario,Liberal-Conservative,1867,1876,4,Commons,Senate Term not included
Gibbs,William Henry,1823,1902,Gibbs,Brother,Ontario,Conservative,1872,1876,2,Commons,
Gourd,David,1885,1981,Gourd,Brother,Quebec,Liberal,1945,1953,3,Commons,
Gourd,Joseph-Omer,1893,1959,Gourd,Brother,Ontario,Liberal,1945,1958,5,Commons,
Harwood,Robert William,1826,1897,Harwood,Brother,Quebec,Liberal-Conservative,1872,1874,2,Commons,
Harwood,Henry Stanislas,1838,1911,Harwood,Brother,Quebec,Liberal,1891,1900,4,Commons,
Horsey,Edward Henry,1867,1902,Horsey,Brother,Ontario,Liberal,1900,1900,1,Commons,
Horsey,Henry Herbert,1871,1942,Horsey,Brother,Ontario,Liberal,1928,1942,1,Senate,
Kaulback,Henry Adolphus Newman,1830,1896,Kaulback,Brother,Nova Scotia,Conservative,1872,1896,1,Senate,
Kaulbach,Charles Edwin,1834,1907,Kaulback,Brother,Nova Scotia,Conservative,1878,1900,5,Commons,
Knowles,William David,1908,2000,Knowles,Brother,Ontario,Progressive Conservative,1968,1974,3,Commons,
Knowles,John Evans,1914,2011,Knowles,Brother,Ontario,Progressive Conservative,1957,1958,2,Commons,
Langelier,Francois Charles Stanislas,1838,1915,Langelier,Brother,Quebec,Liberal,1884,1896,4,Commons,
Langelier,Charles,1850,1920,Langelier,Brother,Quebec,Liberal,1887,1887,1,Commons,
Laurier,Wilfrid,1841,1919,Laurier,Half Brother,Quebec,Liberal,1874,1917,18,Commons,
Laurier,Romuald-Charlemagne,1852,1906,Laurier,Half Brother,Quebec,Liberal,1900,1904,2,Commons,
Lavergne,Louis,1845,1931,Lavergne,Brother,Quebec,Libral,1897,1908,4,Commons,Senate Term not included
MacDonald,Andrew Archibald,1829,1912,MacDonald4,Brother,PEI,Liberal-Conservative,1891,1912,1,Senate,
MacDonald,Augustine Colin,1837,1919,MacDonald4,Brother,PEI,Liberal-Conservative,1873,1896,5,Commons,Party Change
MacDonald,John Sandfield,1812,1872,MacDonald5,Brother,Ontario,Liberal,1867,1867,1,Commons,
MacDonald,Donald Alexander,1817,1896,MacDonald5,Brother,Ontario,Libral,1867,1874,4,Commons,
Macdonald,Alexander Francis,1818,1913,MacDonald5,Brother,Ontario,Liberal,1874,1874,2,Commons,
Macdonell,Angus Claude,1861,1924,Macdonell,Brother,Ontario,Conservative,1904,1911,3,Commons,Senate Term not included
Macdonell,Archibald Hayes,1868,1939,Macdonell,Brother,Ontario,Conservative,1921,1939,1,Senate,
Marler,Herbert Meredith,1876,1940,Marler,Half Brother,Quebec,Liberal,1921,1921,1,Commons,
Marler,George Carlyle,1901,1981,Marler,Half Brother,Quebec,Liberal,1954,1957,2,Commons,
Martin,Thomas,1850,1907,Martin2,Brother,Ontario,Liberal,1904,1904,1,Commons,
Martin,Alexander Munro,1852,1915,Martin2,Brother,Ontario,Liberal,1907,1908,2,Commons,
McIsaac,Angus  ,1842,1902,McIsaac,Brother,Nova Scotia,Liberal,1873,1882,4,Commons,
McIsaac,Colin Francis,1854,1927,McIsaac,Brother,Nova Scotia,Liberal,1895,1921,5,Commons,
McLean,Alexander Neil,1885,1967,McLean2,Brother,New Brunswick,Liberal,1945,1967,1,Senate,
McLean,Allan Marcus Atkinson,1891,1969,McLean2,Brother,New Brunswick,Liberal,1962,1965,3,Commons,
McLeod,Hugh,1843,1879,McLeod,Brother,Nova Scotia,Liberal-Conservative,1878,1878,1,Commons,
McLeod,William Mackenzie,1854,1932,McLeod,Brother,Nova Scotia,Liberal-Conservative,1879,1879,1,Commons,
Mousseau,Joseph Alfred,1838,1886,Mousseau,Brother,Quebec,Conservative,1874,1882,4,Commons,
Mousseau,Joseph Octave,1844,1898,Mousseau,Brother,Quebec,Independent,1891,1891,1,Commons,
Murray,Thomas,1836,1915,Murray,Brother,Quebec,Liberal,1891,1900,2,Commons,
Murray,William,1839,1898,Murray,Brother,Ontario,Liberal,1874,1874,1,Commons,
Nantel,Guillaume-Alphonse,1852,1909,Nantel,Brother,Quebec,Conservative,1882,1882,1,Commons,
Nantel,Wilfrid Bruno,1855,1940,Nantel,Brother,Quebec,Conservative,1908,1911,3,Commons,
Parent,Georges,1879,1942,Parent,Brother,Quebec,Liberal,1904,1926,6,Commons,Senate Term not included
Parent,Charles Eugene,1894,1961,Parent,Brother,Quebec,Liberal,1935,1949,4,Commons,Party Change
Price,David Edward,1826,1883,Price,Brother,Quebec,Conservative,1867,1883,1,Senate,
Price,William Evan,1827,1880,Price,Brother,Quebec,Liberal,1872,1872,1,Commons,
Price,Evan John,1840,1899,Price,Brother,Quebec,Conservative,1888,1899,1,Senate,
Prowse,Lemuel Ezra,1858,1925,Prowse,Brother,PEI,Liberal,1908,1908,1,Commons,
Prowse,Benjamin Charles,1862,1930,Prowse,Brother,PEI,Liberal,1911,1930,1,Senate,
Raymond,Donat,1880,1963,Raymond,Brother,Quebec,Liberal,1926,1963,1,Senate,
Raymond,Maxime,1883,1961,Raymond,Brother,Quebec,Liberal,1925,1945,6,Commons,Party Change
Robitaille ,Theodore,1834,1897,Robitaille,Brother,Quebec,Conservative,1867,1878,5,Commons,Senate Term not included
Robitaille ,Louis,1836,1888,Robitaille,Brother,Quebec,Conservative,1883,1884,1,Senate,
Savard,Edmond,1862,1925,Savard,Brother,Quebec,Liberal,1917,1921,2,Commons,Party Change
Savard,Paul Vilmond,1864,1908,Savard,Brother,Quebec,Liberal,1891,1896,2,Commons,
Scatcherd,Thomas,1823,1876,Scatcherd,Brother,Ontario,Liberal,1867,1874,3,Commons,
Scatcherd,Robert Colin,1832,1879,Scatcherd,Brother,Ontario,Liberal,1876,1876,1,Commons,
Schell,Jacob Thomas,1850,1916,Schell,Brother,Ontario,Liberal,1900,1904,2,Commons,
Schell,Malcolm Smith,1855,1926,Schell,Brother,Ontario,Liberal,1904,1908,2,Commons,
Serre,Gaetan-Joseph,1938,,Serre,Brother,Ontario,Liberal,1968,1968,1,Commons,
Serre,Benoit,1951,,Serre,Brother,Ontario,Liberal,1993,2000,3,Commons,
Sharpe,William Henry,1868,1942,Sharpe,Brother,Manitoba,Conservative,1908,1911,2,Commons,Senate Term not included
Sharpe,Samuel Simpson,1873,1918,Sharpe,Brother,Ontario,Conservative,1908,1917,3,Commons,Party Change
Sifton,Arthur Lewis W.,1858,1921,Sifton,Brother,Alberta,Unionist,1917,1917,1,Commons,
Sifton,Clifford,1861,1929,Sifton,Brother,Manitoba,Liberal,1896,1908,4,Commons,
Skelly,Raymond John,1941,,Skelly,Brother,British Columbia,NDP,1979,1988,4,Commons,
Skelly,Robert Evans,1943,,Skelly,Brother,British Columbia,NDP,1988,1988,1,Commons,
Stanbury,Richard J.,1923,2014,Stanbury,Brother,Ontario,Liberal,1968,1998,1,Senate,
Stanbury,Robert Douglas George,1929,,Stanbury,Brother,Ontario,Liberal,1965,1974,4,Commons,
Stanfield,Frank Thomas,1903,1967,Stanfield,Brother,Nova Scotia,Progressive Conservative,1945,1949,2,Commons,
Stanfield,Robert Lorne,1914,2003,Stanfield,Brother,Nova Scotia,Progressive Conservative,1967,1974,4,Commons,
Thibaudeau,Joseph-Rosaire,1837,1909,Thibaudeau,Brother,Quebec,Liberal,1878,1909,1,Senate,
Yeo,James,1827,1903,Yeo,Brother,PEI,Liberal,1873,1887,5,Commons,
Yeo,John,1834,1924,Yeo,Brother,PEI,Liberal,1891,1896,2,Commons,Senate Term not included
Batters,Dave,1969,2009,Batters,Husband,Saskatchewan,Conservative,2004,2006,2,Commons,
Batters,Denise,1970,,Batters,Wife,Saskatchewan,Conservative,2013,2013,1,Commons,
Black,Martha Louise,1866,1957,Black,Wife,Yukon,Independent Conservative,1935,1935,1,Commons,
Black,George,1873,1965,Black,Husband,Yukon,Conservative,1921,1945,6,Commons,Party Change
Cadman,Chuck,1948,2005,Cadman,Husband,British Columbia,Independent,1997,2004,3,Commons,Party Change
Cadman,Donna,1950,,Cadman,Wife,British Columbia,Conservative,2008,2008,1,Commons,
Casgrain,Pierre-Francois,1886,1950,Casgrain3,Husband,Quebec,Liberal,1917,1940,7,Commons,Party Change
Casgrain,Therese Forget,1896,1981,Casgrain3,Wife,Quebec,Independent,1970,1971,1,Senate,Repeat Observation
Casselman,Arza Clair,1891,1958,Casselman1,Husband,Ontario,Progressive Conservative,1921,1958,11,Commons,Party Change
Wadds,Jean Casselman,1920,2011,Casselman1,Wife,Ontario,Progressive Conservative,1958,1965,4,Commons,
Casselman,Frederick Clayton,1885,1941,Casselman2,Husband,Alberta,Liberal,1940,1940,1,Commons,
Casselman,Cora Taylor,1888,1964,Casselman2,Wife,Alberta,Liberal,1941,1941,1,Commons,
Cossitt,Thomas Charles,1923,1982,Cossitt,Husband,Ontario,Progressive Conservative,1972,1980,4,Commons,
Cossitt,Jennifer,1948,,Cossitt,Wife,Ontario,Progressive Conservative,1982,1984,2,Commons,
Finley,Doug,1946,2013,Finley,Husband,Ontario,Conservative,2009,2013,1,Senate,
Finley,Diane,1957,,Finley,Wife,Ontario,Conservative,2004,2015,5,Commons,
Grewal,Gurmant Singh,1957,,Grewal,Husband,British Columbia,Conservative,1997,2004,3,Commons,
Grewal,Nina,1958,,Grewal,Wife,British Columbia,Conservative,2004,2011,4,Commons,
Guergis,Helena,1969,,Guergis,Wife,Ontario,Conservative,2004,2008,3,Commons,
Jaffer,Rahim,1971,,Guergis,Husband,Alberta,Conservative,1997,2006,4,Commons,
Guimond,Claude ,1963,,Guimond,Husband,Quebec,Bloc ,2008,2008,1,Commons,
Thi Lac,Eve-Mary Thai,1972,,Guimond,Wife,Quebec,Bloc ,2007,2008,2,Commons,
Hardie,Isabel J. Tibbie,1916,2006,Hardie,Wife,Northwest Territories,Liberal,1962,1962,1,Commons,
Hardie,Mervyn Arthur,1918,1961,Hardie,Husband,Northwest Territories,Liberal,1953,1958,3,Commons,
Jones,Eloise May,1917,2004,Jones,Wife,Saskatchewan,Progressive Conservative,1964,1964,1,Commons,
Jones,Henry Frank,1920,1964,Jones,Husband,Saskatchewan,Progressive Conservative,1957,1963,4,Commons,
Chow,Olivia,1957,,Layton,Wife,Ontario,NDP,2006,2011,3,Commons,
Macdonald,Margaret Mary,1910,1968,MacDonald3,Wife,PEI,Progressive Conservative,1961,1962,2,Commons,
MacInnis,Angus,1884,1964,Woodsworth,Husband,British Columbia,Cooperative Commonwealth Federation,1930,1953,6,Commons,
Milne,William Ross,1932,,Milne,Husband,Ontario,Liberal,1974,1974,1,Commons,
Milne,Lorna,1934,,Milne,Wife,Ontario,Liberal,1995,2000,2,Senate,
Rideout,Sherwood Hayes,1917,1964,Rideout,Husband,New Brunswick,Liberal,1962,1963,2,Commons,
Sauve,Jeanne,1922,1993,Sauve,Wife,Quebec,Liberal,1964,1965,2,Commons,
Sauve,Maurice,1923,1992,Sauve,Husband,Quebec,Liberal,1962,1965,3,Commons,
Wilson,Norman Frank,1876,1956,MacKay2,Husband,Ontario,Liberal,1904,1904,1,Commons,
